2557521,351120282,7.52541151173204e-05
2557521,174145542,7.52541151173204e-05
2557521,193042922,7.52541151173204e-05
2557521,21575905,7.52541151173204e-05
14159148,240649814,0.00030168379750176473
14159148,577459091,0.00030168379750176473
14159148,249677516,0.00030168379750176473
14159148,80803819,0.00030168379750176473
14159148,34262462,0.00030168379750176473
14159148,769108935726997504,0.00030168379750176473
14159148,255471924,0.00030168379750176473
14159148,85796380,0.00030168379750176473
14159148,70985635,0.00030168379750176473
14159148,44425241,0.00030168379750176473
14159148,160858057,0.00030168379750176473
14159148,130549887,0.00030168379750176473
14159148,104227735,0.00030168379750176473
14159148,258143215,0.00030168379750176473
14159148,48476482,0.00030168379750176473
14159148,33960482,0.00030168379750176473
14159148,1002351,0.00030168379750176473
14159148,145746533,0.00030168379750176473
14159148,539810130,0.00030168379750176473
14159148,227653209,0.00030168379750176473
14159148,351120282,0.00030168379750176473
14159148,65551087,0.00030168379750176473
14159148,482353209,0.00030168379750176473
14159148,1900949636,0.00030168379750176473
14159148,380824639,0.00030168379750176473
14159148,295032345,0.00030168379750176473
14159148,1686862418,0.00030168379750176473
14159148,606154629,0.00030168379750176473
14159148,1269258001,0.00030168379750176473
14159148,3048160253,0.00030168379750176473
14159148,48878503,0.00030168379750176473
14159148,35104711,0.00030168379750176473
14159148,2414812230,0.00030168379750176473
14159148,395319702,0.00030168379750176473
14159148,253137919,0.00030168379750176473
14159148,23583267,0.00030168379750176473
14159148,1511622306,0.00030168379750176473
14159148,174145542,0.00030168379750176473
14159148,342181234,0.00030168379750176473
14159148,1400819095,0.00030168379750176473
14159148,47408060,0.00030168379750176473
14159148,59179684,0.00030168379750176473
14159148,235199409,0.00030168379750176473
14159148,1189532996,0.00030168379750176473
14159148,2996465812,0.00030168379750176473
14159148,57596040,0.00030168379750176473
14159148,533233011,0.00030168379750176473
14159148,394593711,0.00030168379750176473
14159148,226875363,0.00030168379750176473
14159148,44366594,0.00030168379750176473
14159148,3730165402,0.00030168379750176473
14159148,1638819715,0.00030168379750176473
14159148,2302683607,0.00030168379750176473
14159148,234538119,0.00030168379750176473
14159148,193042922,0.00030168379750176473
14159148,207873823,0.00030168379750176473
14159148,21575905,0.00030168379750176473
14159148,276991521,0.00030168379750176473
14159148,314152424,0.00030168379750176473
14159148,804063024,0.00030168379750176473
14159148,1335173599,0.00030168379750176473
14159148,120852788,0.00030168379750176473
14159148,22179107,0.00030168379750176473
14159148,3342748858,0.00030168379750176473
14159148,1204463438,0.00030168379750176473
14159148,80230154,0.00030168379750176473
14159148,115102139,0.00030168379750176473
14159148,702408732353961985,0.00030168379750176473
14159148,2496449108,0.00030168379750176473
14159148,4117939762,0.00030168379750176473
14159148,2653227222,0.00030168379750176473
14159148,1037365089471549440,0.00030168379750176473
14159148,940517950552985600,0.00030168379750176473
14159148,1609012052,0.00030168379750176473
14159148,784027809756872704,0.00030168379750176473
14159148,45215199,0.00030168379750176473
14159148,885506786681376770,0.00030168379750176473
14159148,859683611171278849,0.00030168379750176473
14159148,1056776126486331392,0.00030168379750176473
207809313,240649814,0.01604780805215163
207809313,60937837,0.01604780805215163
207809313,18071358,0.01604780805215163
207809313,17710740,0.01604780805215163
207809313,78259714,0.01604780805215163
207809313,94761188,0.01604780805215163
207809313,95588504,0.01604780805215163
207809313,769108935726997504,0.01604780805215163
207809313,35459949,0.01604780805215163
207809313,44425241,0.01604780805215163
207809313,258143215,0.01604780805215163
207809313,390677061,0.01604780805215163
207809313,735095544,0.01604780805215163
207809313,18159588,0.01604780805215163
207809313,1414858003,0.01604780805215163
207809313,35104711,0.01604780805215163
207809313,141584822,0.01604780805215163
207809313,996592540257157121,0.01604780805215163
207809313,115102139,0.01604780805215163
122453931,39240673,0.00015753812197114839
122453931,577459091,0.00015753812197114839
122453931,78259714,0.00015753812197114839
122453931,185159449,0.00015753812197114839
122453931,769108935726997504,0.00015753812197114839
122453931,35459949,0.00015753812197114839
122453931,44425241,0.00015753812197114839
122453931,130549887,0.00015753812197114839
122453931,1414858003,0.00015753812197114839
122453931,351120282,0.00015753812197114839
122453931,1900949636,0.00015753812197114839
122453931,1269258001,0.00015753812197114839
122453931,23583267,0.00015753812197114839
122453931,47408060,0.00015753812197114839
122453931,1189532996,0.00015753812197114839
122453931,394593711,0.00015753812197114839
122453931,226875363,0.00015753812197114839
122453931,44366594,0.00015753812197114839
122453931,20906660,0.00015753812197114839
122453931,276991521,0.00015753812197114839
122453931,115102139,0.00015753812197114839
3171712086,240649814,0.3041866330607387
3171712086,39240673,0.3041866330607387
3171712086,1153045459,0.3041866330607387
3171712086,18071358,0.3041866330607387
3171712086,17710740,0.3041866330607387
3171712086,78259714,0.3041866330607387
3171712086,371730289,0.3041866330607387
3171712086,19760270,0.3041866330607387
3171712086,21014078,0.3041866330607387
3171712086,95588504,0.3041866330607387
3171712086,769108935726997504,0.3041866330607387
3171712086,44425241,0.3041866330607387
3171712086,810528259,0.3041866330607387
3171712086,347102273,0.3041866330607387
3171712086,390677061,0.3041866330607387
3171712086,2695009326,0.3041866330607387
3171712086,18159588,0.3041866330607387
3171712086,1414858003,0.3041866330607387
3171712086,471489217,0.3041866330607387
3171712086,35104711,0.3041866330607387
3171712086,141584822,0.3041866330607387
3171712086,2425075166,0.3041866330607387
3171712086,3286501752,0.3041866330607387
3171712086,780670492139106304,0.3041866330607387
3171712086,1027409164329340928,0.3041866330607387
3171712086,115102139,0.3041866330607387
240649814,78259714,5.039786640977952e-05
240649814,95588504,5.039786640977952e-05
240649814,769108935726997504,5.039786640977952e-05
240649814,44425241,5.039786640977952e-05
240649814,390677061,5.039786640977952e-05
240649814,735095544,5.039786640977952e-05
240649814,18159588,5.039786640977952e-05
240649814,1414858003,5.039786640977952e-05
240649814,471489217,5.039786640977952e-05
240649814,35104711,5.039786640977952e-05
240649814,174145542,5.039786640977952e-05
240649814,3286501752,5.039786640977952e-05
240649814,115102139,5.039786640977952e-05
240649814,1056776126486331392,5.039786640977952e-05
39240673,371730289,3.18663300661222e-05
39240673,769108935726997504,3.18663300661222e-05
39240673,44425241,3.18663300661222e-05
39240673,18159588,3.18663300661222e-05
39240673,1414858003,3.18663300661222e-05
39240673,1269258001,3.18663300661222e-05
39240673,35104711,3.18663300661222e-05
39240673,23583267,3.18663300661222e-05
60937837,240649814,0.006213592233009709
60937837,39240673,0.006213592233009709
60937837,17710740,0.006213592233009709
60937837,94761188,0.006213592233009709
60937837,95588504,0.006213592233009709
60937837,769108935726997504,0.006213592233009709
60937837,44425241,0.006213592233009709
60937837,390677061,0.006213592233009709
60937837,735095544,0.006213592233009709
60937837,18159588,0.006213592233009709
60937837,1414858003,0.006213592233009709
60937837,1269258001,0.006213592233009709
60937837,35104711,0.006213592233009709
60937837,996592540257157121,0.006213592233009709
60937837,115102139,0.006213592233009709
1153045459,3171712086,2.1697914636704583e-05
1153045459,240649814,2.1697914636704583e-05
1153045459,17710740,2.1697914636704583e-05
1153045459,78259714,2.1697914636704583e-05
1153045459,371730289,2.1697914636704583e-05
1153045459,19760270,2.1697914636704583e-05
1153045459,769108935726997504,2.1697914636704583e-05
1153045459,44425241,2.1697914636704583e-05
1153045459,810528259,2.1697914636704583e-05
1153045459,347102273,2.1697914636704583e-05
1153045459,390677061,2.1697914636704583e-05
1153045459,18159588,2.1697914636704583e-05
1153045459,1414858003,2.1697914636704583e-05
1153045459,471489217,2.1697914636704583e-05
1153045459,35104711,2.1697914636704583e-05
1153045459,141584822,2.1697914636704583e-05
1153045459,23583267,2.1697914636704583e-05
1153045459,3286501752,2.1697914636704583e-05
1153045459,780670492139106304,2.1697914636704583e-05
1153045459,1027409164329340928,2.1697914636704583e-05
314547227,46638111,1.2034320285404362e-05
314547227,166122648,1.2034320285404362e-05
314547227,57596040,1.2034320285404362e-05
314547227,394593711,1.2034320285404362e-05
314547227,4117939762,1.2034320285404362e-05
18071358,17710740,0.00014808581712801608
18071358,769108935726997504,0.00014808581712801608
18071358,44425241,0.00014808581712801608
18071358,1414858003,0.00014808581712801608
18071358,35104711,0.00014808581712801608
18071358,23583267,0.00014808581712801608
17710740,174145542,1.4139207974897018e-05
577459091,19760270,3.4354754168563966e-06
577459091,35459949,3.4354754168563966e-06
78259714,17710740,3.191896837894199e-05
78259714,19760270,3.191896837894199e-05
78259714,94761188,3.191896837894199e-05
78259714,44425241,3.191896837894199e-05
78259714,1414858003,3.191896837894199e-05
78259714,35104711,3.191896837894199e-05
78259714,996592540257157121,3.191896837894199e-05
78259714,115102139,3.191896837894199e-05
40839292,249677516,7.81900682101046e-05
40839292,80803819,7.81900682101046e-05
40839292,85796380,7.81900682101046e-05
40839292,539810130,7.81900682101046e-05
40839292,380824639,7.81900682101046e-05
40839292,1686862418,7.81900682101046e-05
40839292,2414812230,7.81900682101046e-05
40839292,174145542,7.81900682101046e-05
40839292,702408732353961985,7.81900682101046e-05
40839292,1609012052,7.81900682101046e-05
40839292,859683611171278849,7.81900682101046e-05
371730289,3171712086,5.556326449414861e-05
371730289,39240673,5.556326449414861e-05
371730289,1153045459,5.556326449414861e-05
371730289,19760270,5.556326449414861e-05
371730289,21014078,5.556326449414861e-05
371730289,94761188,5.556326449414861e-05
371730289,44425241,5.556326449414861e-05
371730289,810528259,5.556326449414861e-05
371730289,390677061,5.556326449414861e-05
371730289,735095544,5.556326449414861e-05
371730289,18159588,5.556326449414861e-05
371730289,1414858003,5.556326449414861e-05
371730289,471489217,5.556326449414861e-05
371730289,3286501752,5.556326449414861e-05
371730289,115102139,5.556326449414861e-05
19760270,3171712086,1.4439922917335114e-05
19760270,39240673,1.4439922917335114e-05
19760270,1153045459,1.4439922917335114e-05
19760270,577459091,1.4439922917335114e-05
19760270,78259714,1.4439922917335114e-05
19760270,371730289,1.4439922917335114e-05
19760270,35459949,1.4439922917335114e-05
19760270,44425241,1.4439922917335114e-05
19760270,810528259,1.4439922917335114e-05
19760270,390677061,1.4439922917335114e-05
19760270,471489217,1.4439922917335114e-05
19760270,1027409164329340928,1.4439922917335114e-05
21014078,3171712086,2.336691877785164e-05
21014078,577459091,2.336691877785164e-05
21014078,78259714,2.336691877785164e-05
21014078,371730289,2.336691877785164e-05
21014078,769108935726997504,2.336691877785164e-05
21014078,35459949,2.336691877785164e-05
21014078,390677061,2.336691877785164e-05
21014078,1712296868,2.336691877785164e-05
21014078,2425075166,2.336691877785164e-05
21014078,276991521,2.336691877785164e-05
21014078,115102139,2.336691877785164e-05
185159449,769108935726997504,8.130815754998392e-05
185159449,35459949,8.130815754998392e-05
185159449,44425241,8.130815754998392e-05
185159449,1269258001,8.130815754998392e-05
19489239,34262462,8.810325247742842e-05
19489239,85796380,8.810325247742842e-05
19489239,44425241,8.810325247742842e-05
19489239,156306739,8.810325247742842e-05
19489239,33960482,8.810325247742842e-05
19489239,1002351,8.810325247742842e-05
19489239,390677061,8.810325247742842e-05
19489239,42407972,8.810325247742842e-05
19489239,227653209,8.810325247742842e-05
19489239,351120282,8.810325247742842e-05
19489239,35104711,8.810325247742842e-05
19489239,55539703,8.810325247742842e-05
19489239,174145542,8.810325247742842e-05
19489239,235199409,8.810325247742842e-05
19489239,57596040,8.810325247742842e-05
19489239,394593711,8.810325247742842e-05
19489239,226875363,8.810325247742842e-05
19489239,44366594,8.810325247742842e-05
19489239,1638819715,8.810325247742842e-05
19489239,2302683607,8.810325247742842e-05
19489239,234538119,8.810325247742842e-05
19489239,80893289,8.810325247742842e-05
19489239,207873823,8.810325247742842e-05
19489239,21575905,8.810325247742842e-05
19489239,276991521,8.810325247742842e-05
19489239,80230154,8.810325247742842e-05
19489239,702408732353961985,8.810325247742842e-05
19489239,1042027709357010944,8.810325247742842e-05
19489239,784027809756872704,8.810325247742842e-05
94761188,60937837,6.851473752004056e-05
94761188,769108935726997504,6.851473752004056e-05
94761188,735095544,6.851473752004056e-05
94761188,471489217,6.851473752004056e-05
94761188,35104711,6.851473752004056e-05
94761188,1056776126486331392,6.851473752004056e-05
249677516,14159148,0.0004483563575941403
249677516,240649814,0.0004483563575941403
249677516,85796380,0.0004483563575941403
249677516,130549887,0.0004483563575941403
249677516,104227735,0.0004483563575941403
249677516,258143215,0.0004483563575941403
249677516,33960482,0.0004483563575941403
249677516,1002351,0.0004483563575941403
249677516,145746533,0.0004483563575941403
249677516,227653209,0.0004483563575941403
249677516,351120282,0.0004483563575941403
249677516,65551087,0.0004483563575941403
249677516,482353209,0.0004483563575941403
249677516,295032345,0.0004483563575941403
249677516,1686862418,0.0004483563575941403
249677516,3048160253,0.0004483563575941403
249677516,35104711,0.0004483563575941403
249677516,2414812230,0.0004483563575941403
249677516,253137919,0.0004483563575941403
249677516,23583267,0.0004483563575941403
249677516,174145542,0.0004483563575941403
249677516,1400819095,0.0004483563575941403
249677516,59179684,0.0004483563575941403
249677516,235199409,0.0004483563575941403
249677516,2996465812,0.0004483563575941403
249677516,4449439241,0.0004483563575941403
249677516,57596040,0.0004483563575941403
249677516,533233011,0.0004483563575941403
249677516,394593711,0.0004483563575941403
249677516,226875363,0.0004483563575941403
80803819,249677516,4.608266857943811e-05
80803819,255471924,4.608266857943811e-05
80803819,85796380,4.608266857943811e-05
80803819,35459949,4.608266857943811e-05
80803819,160858057,4.608266857943811e-05
80803819,130549887,4.608266857943811e-05
80803819,104227735,4.608266857943811e-05
80803819,258143215,4.608266857943811e-05
80803819,1002351,4.608266857943811e-05
80803819,145746533,4.608266857943811e-05
80803819,227653209,4.608266857943811e-05
80803819,351120282,4.608266857943811e-05
80803819,482353209,4.608266857943811e-05
80803819,380824639,4.608266857943811e-05
80803819,1686862418,4.608266857943811e-05
80803819,606154629,4.608266857943811e-05
80803819,253137919,4.608266857943811e-05
80803819,174145542,4.608266857943811e-05
80803819,394593711,4.608266857943811e-05
80803819,142696927,4.608266857943811e-05
80803819,3730165402,4.608266857943811e-05
80803819,2302683607,4.608266857943811e-05
80803819,234538119,4.608266857943811e-05
80803819,21575905,4.608266857943811e-05
80803819,804063024,4.608266857943811e-05
80803819,1335173599,4.608266857943811e-05
80803819,3342748858,4.608266857943811e-05
80803819,80230154,4.608266857943811e-05
80803819,702408732353961985,4.608266857943811e-05
80803819,4117939762,4.608266857943811e-05
80803819,1037365089471549440,4.608266857943811e-05
80803819,940517950552985600,4.608266857943811e-05
80803819,1609012052,4.608266857943811e-05
80803819,2908230551,4.608266857943811e-05
80803819,1042027709357010944,4.608266857943811e-05
80803819,784027809756872704,4.608266857943811e-05
80803819,45215199,4.608266857943811e-05
80803819,885506786681376770,4.608266857943811e-05
80803819,282170568,4.608266857943811e-05
80803819,859683611171278849,4.608266857943811e-05
95588504,17710740,0.0008098558462441926
95588504,769108935726997504,0.0008098558462441926
95588504,44425241,0.0008098558462441926
95588504,390677061,0.0008098558462441926
95588504,735095544,0.0008098558462441926
95588504,18159588,0.0008098558462441926
95588504,1414858003,0.0008098558462441926
95588504,996592540257157121,0.0008098558462441926
95588504,115102139,0.0008098558462441926
46638111,314547227,0.001273860039596292
46638111,255471924,0.001273860039596292
46638111,166122648,0.001273860039596292
46638111,35459949,0.001273860039596292
46638111,104227735,0.001273860039596292
46638111,33960482,0.001273860039596292
46638111,145746533,0.001273860039596292
46638111,1686862418,0.001273860039596292
46638111,174145542,0.001273860039596292
46638111,394593711,0.001273860039596292
46638111,234538119,0.001273860039596292
46638111,80230154,0.001273860039596292
46638111,4117939762,0.001273860039596292
34262462,255471924,0.0007091920586301616
34262462,44425241,0.0007091920586301616
34262462,810528259,0.0007091920586301616
34262462,114718372,0.0007091920586301616
34262462,16936686,0.0007091920586301616
34262462,1269258001,0.0007091920586301616
34262462,48878503,0.0007091920586301616
34262462,174145542,0.0007091920586301616
34262462,475954041,0.0007091920586301616
34262462,235199409,0.0007091920586301616
34262462,234538119,0.0007091920586301616
34262462,276991521,0.0007091920586301616
34262462,115102139,0.0007091920586301616
18373968,95588504,0.0009434300599530691
18373968,769108935726997504,0.0009434300599530691
18373968,44425241,0.0009434300599530691
18373968,390677061,0.0009434300599530691
18373968,18159588,0.0009434300599530691
18373968,1414858003,0.0009434300599530691
18373968,1269258001,0.0009434300599530691
18373968,115102139,0.0009434300599530691
769108935726997504,94761188,7.056714693291545e-05
769108935726997504,44425241,7.056714693291545e-05
769108935726997504,735095544,7.056714693291545e-05
255471924,249677516,9.148901243849192e-05
255471924,80803819,9.148901243849192e-05
255471924,34262462,9.148901243849192e-05
255471924,85796380,9.148901243849192e-05
255471924,35459949,9.148901243849192e-05
255471924,44425241,9.148901243849192e-05
255471924,160858057,9.148901243849192e-05
255471924,130549887,9.148901243849192e-05
255471924,104227735,9.148901243849192e-05
255471924,258143215,9.148901243849192e-05
255471924,156306739,9.148901243849192e-05
255471924,114718372,9.148901243849192e-05
255471924,33960482,9.148901243849192e-05
255471924,1002351,9.148901243849192e-05
255471924,145746533,9.148901243849192e-05
255471924,42407972,9.148901243849192e-05
255471924,227653209,9.148901243849192e-05
255471924,351120282,9.148901243849192e-05
255471924,65551087,9.148901243849192e-05
255471924,482353209,9.148901243849192e-05
255471924,1900949636,9.148901243849192e-05
255471924,380824639,9.148901243849192e-05
255471924,1686862418,9.148901243849192e-05
255471924,1269258001,9.148901243849192e-05
255471924,3048160253,9.148901243849192e-05
255471924,48878503,9.148901243849192e-05
255471924,2414812230,9.148901243849192e-05
255471924,253137919,9.148901243849192e-05
255471924,23583267,9.148901243849192e-05
255471924,174145542,9.148901243849192e-05
255471924,342181234,9.148901243849192e-05
255471924,475954041,9.148901243849192e-05
255471924,47408060,9.148901243849192e-05
255471924,235199409,9.148901243849192e-05
255471924,1189532996,9.148901243849192e-05
255471924,394593711,9.148901243849192e-05
255471924,142696927,9.148901243849192e-05
255471924,234538119,9.148901243849192e-05
255471924,20906660,9.148901243849192e-05
255471924,21575905,9.148901243849192e-05
255471924,314152424,9.148901243849192e-05
255471924,427641057,9.148901243849192e-05
255471924,80230154,9.148901243849192e-05
255471924,4117939762,9.148901243849192e-05
255471924,1037365089471549440,9.148901243849192e-05
255471924,2908230551,9.148901243849192e-05
166122648,314547227,1.1143150086477067e-05
166122648,46638111,1.1143150086477067e-05
166122648,394593711,1.1143150086477067e-05
166122648,4117939762,1.1143150086477067e-05
85796380,19489239,0.00010045283259344939
85796380,249677516,0.00010045283259344939
85796380,80803819,0.00010045283259344939
85796380,255471924,0.00010045283259344939
85796380,44425241,0.00010045283259344939
85796380,130549887,0.00010045283259344939
85796380,104227735,0.00010045283259344939
85796380,258143215,0.00010045283259344939
85796380,33960482,0.00010045283259344939
85796380,45139191,0.00010045283259344939
85796380,227653209,0.00010045283259344939
85796380,351120282,0.00010045283259344939
85796380,380824639,0.00010045283259344939
85796380,1686862418,0.00010045283259344939
85796380,1269258001,0.00010045283259344939
85796380,35104711,0.00010045283259344939
85796380,55539703,0.00010045283259344939
85796380,23583267,0.00010045283259344939
85796380,174145542,0.00010045283259344939
85796380,47408060,0.00010045283259344939
85796380,74702868,0.00010045283259344939
85796380,142696927,0.00010045283259344939
85796380,3730165402,0.00010045283259344939
85796380,1638819715,0.00010045283259344939
85796380,2302683607,0.00010045283259344939
85796380,234538119,0.00010045283259344939
85796380,80893289,0.00010045283259344939
85796380,207873823,0.00010045283259344939
85796380,21575905,0.00010045283259344939
85796380,427641057,0.00010045283259344939
85796380,80230154,0.00010045283259344939
85796380,1342069742,0.00010045283259344939
85796380,1042027709357010944,0.00010045283259344939
85796380,784027809756872704,0.00010045283259344939
85796380,45215199,0.00010045283259344939
85796380,282170568,0.00010045283259344939
35459949,577459091,0.0005932550258086895
35459949,19760270,0.0005932550258086895
35459949,33960482,0.0005932550258086895
35459949,18159588,0.0005932550258086895
35459949,65551087,0.0005932550258086895
35459949,1269258001,0.0005932550258086895
35459949,1189532996,0.0005932550258086895
35459949,394593711,0.0005932550258086895
35459949,115102139,0.0005932550258086895
70985635,14159148,0.0007456116340779756
70985635,249677516,0.0007456116340779756
70985635,80803819,0.0007456116340779756
70985635,255471924,0.0007456116340779756
70985635,44425241,0.0007456116340779756
70985635,104227735,0.0007456116340779756
70985635,48476482,0.0007456116340779756
70985635,145746533,0.0007456116340779756
70985635,227653209,0.0007456116340779756
70985635,351120282,0.0007456116340779756
70985635,65551087,0.0007456116340779756
70985635,482353209,0.0007456116340779756
70985635,380824639,0.0007456116340779756
70985635,1686862418,0.0007456116340779756
70985635,3048160253,0.0007456116340779756
70985635,2414812230,0.0007456116340779756
70985635,253137919,0.0007456116340779756
70985635,23583267,0.0007456116340779756
70985635,1511622306,0.0007456116340779756
70985635,174145542,0.0007456116340779756
70985635,59179684,0.0007456116340779756
70985635,2996465812,0.0007456116340779756
70985635,533233011,0.0007456116340779756
70985635,394593711,0.0007456116340779756
70985635,3730165402,0.0007456116340779756
70985635,2302683607,0.0007456116340779756
70985635,234538119,0.0007456116340779756
70985635,207873823,0.0007456116340779756
70985635,276991521,0.0007456116340779756
70985635,314152424,0.0007456116340779756
70985635,804063024,0.0007456116340779756
70985635,1335173599,0.0007456116340779756
70985635,4117939762,0.0007456116340779756
70985635,2653227222,0.0007456116340779756
70985635,1037365089471549440,0.0007456116340779756
70985635,940517950552985600,0.0007456116340779756
70985635,1609012052,0.0007456116340779756
3091150576,44425241,8.022205933617578e-05
3091150576,48878503,8.022205933617578e-05
3091150576,226875363,8.022205933617578e-05
3091150576,276991521,8.022205933617578e-05
3091150576,314152424,8.022205933617578e-05
3091150576,1342069742,8.022205933617578e-05
44425241,60937837,2.3227068458597538e-05
44425241,19760270,2.3227068458597538e-05
44425241,95588504,2.3227068458597538e-05
44425241,769108935726997504,2.3227068458597538e-05
44425241,735095544,2.3227068458597538e-05
44425241,42407972,2.3227068458597538e-05
44425241,1414858003,2.3227068458597538e-05
44425241,1900949636,2.3227068458597538e-05
44425241,35104711,2.3227068458597538e-05
44425241,2425075166,2.3227068458597538e-05
44425241,394593711,2.3227068458597538e-05
44425241,115102139,2.3227068458597538e-05
160858057,80803819,0.0002071441352263433
160858057,255471924,0.0002071441352263433
160858057,85796380,0.0002071441352263433
160858057,258143215,0.0002071441352263433
160858057,380824639,0.0002071441352263433
160858057,1686862418,0.0002071441352263433
160858057,395319702,0.0002071441352263433
160858057,960382456267288576,0.0002071441352263433
160858057,533233011,0.0002071441352263433
810528259,3171712086,7.927216730394347e-06
810528259,1153045459,7.927216730394347e-06
810528259,19760270,7.927216730394347e-06
810528259,471489217,7.927216730394347e-06
130549887,249677516,1.2544544530631107e-05
130549887,44425241,1.2544544530631107e-05
130549887,156306739,1.2544544530631107e-05
130549887,33960482,1.2544544530631107e-05
130549887,145746533,1.2544544530631107e-05
130549887,42407972,1.2544544530631107e-05
130549887,227653209,1.2544544530631107e-05
130549887,351120282,1.2544544530631107e-05
130549887,65551087,1.2544544530631107e-05
130549887,153517357,1.2544544530631107e-05
130549887,1686862418,1.2544544530631107e-05
130549887,3048160253,1.2544544530631107e-05
130549887,48878503,1.2544544530631107e-05
130549887,2414812230,1.2544544530631107e-05
130549887,174145542,1.2544544530631107e-05
130549887,394593711,1.2544544530631107e-05
130549887,142696927,1.2544544530631107e-05
130549887,44366594,1.2544544530631107e-05
130549887,20906660,1.2544544530631107e-05
130549887,276991521,1.2544544530631107e-05
130549887,314152424,1.2544544530631107e-05
104227735,14159148,0.0005203375845015893
104227735,249677516,0.0005203375845015893
104227735,44425241,0.0005203375845015893
104227735,130549887,0.0005203375845015893
104227735,1002351,0.0005203375845015893
104227735,145746533,0.0005203375845015893
104227735,227653209,0.0005203375845015893
104227735,351120282,0.0005203375845015893
104227735,482353209,0.0005203375845015893
104227735,380824639,0.0005203375845015893
104227735,1686862418,0.0005203375845015893
104227735,3048160253,0.0005203375845015893
104227735,35104711,0.0005203375845015893
104227735,2414812230,0.0005203375845015893
104227735,253137919,0.0005203375845015893
104227735,1511622306,0.0005203375845015893
104227735,174145542,0.0005203375845015893
104227735,342181234,0.0005203375845015893
104227735,1400819095,0.0005203375845015893
104227735,1189532996,0.0005203375845015893
104227735,2996465812,0.0005203375845015893
104227735,57596040,0.0005203375845015893
104227735,533233011,0.0005203375845015893
104227735,394593711,0.0005203375845015893
104227735,142696927,0.0005203375845015893
104227735,3730165402,0.0005203375845015893
104227735,2302683607,0.0005203375845015893
104227735,207873823,0.0005203375845015893
104227735,276991521,0.0005203375845015893
104227735,314152424,0.0005203375845015893
104227735,1335173599,0.0005203375845015893
104227735,22179107,0.0005203375845015893
104227735,1037365089471549440,0.0005203375845015893
104227735,940517950552985600,0.0005203375845015893
104227735,784027809756872704,0.0005203375845015893
258143215,80803819,6.377906155818407e-05
258143215,255471924,6.377906155818407e-05
258143215,85796380,6.377906155818407e-05
258143215,104227735,6.377906155818407e-05
258143215,227653209,6.377906155818407e-05
258143215,380824639,6.377906155818407e-05
258143215,1686862418,6.377906155818407e-05
258143215,174145542,6.377906155818407e-05
258143215,3730165402,6.377906155818407e-05
48476482,14159148,1.2079556545071177e-05
48476482,249677516,1.2079556545071177e-05
48476482,255471924,1.2079556545071177e-05
48476482,104227735,1.2079556545071177e-05
48476482,33960482,1.2079556545071177e-05
48476482,539810130,1.2079556545071177e-05
48476482,482353209,1.2079556545071177e-05
48476482,1686862418,1.2079556545071177e-05
48476482,2414812230,1.2079556545071177e-05
48476482,1511622306,1.2079556545071177e-05
48476482,174145542,1.2079556545071177e-05
48476482,59179684,1.2079556545071177e-05
48476482,314152424,1.2079556545071177e-05
48476482,804063024,1.2079556545071177e-05
347102273,1153045459,5.688462303607831e-06
347102273,390677061,5.688462303607831e-06
347102273,471489217,5.688462303607831e-06
156306739,130549887,4.614114831254422e-06
156306739,33960482,4.614114831254422e-06
156306739,42407972,4.614114831254422e-06
156306739,65551087,4.614114831254422e-06
156306739,106228835,4.614114831254422e-06
156306739,1638819715,4.614114831254422e-06
114718372,34262462,0.012783899601019362
114718372,255471924,0.012783899601019362
114718372,44425241,0.012783899601019362
114718372,130549887,0.012783899601019362
114718372,104227735,0.012783899601019362
114718372,1002351,0.012783899601019362
114718372,351120282,0.012783899601019362
114718372,153517357,0.012783899601019362
114718372,16936686,0.012783899601019362
114718372,23583267,0.012783899601019362
114718372,174145542,0.012783899601019362
114718372,475954041,0.012783899601019362
114718372,394593711,0.012783899601019362
114718372,427641057,0.012783899601019362
114718372,80230154,0.012783899601019362
114718372,2908230551,0.012783899601019362
33960482,85796380,8.336188469831168e-06
33960482,35459949,8.336188469831168e-06
33960482,44425241,8.336188469831168e-06
33960482,130549887,8.336188469831168e-06
33960482,156306739,8.336188469831168e-06
33960482,42407972,8.336188469831168e-06
33960482,3048160253,8.336188469831168e-06
33960482,23583267,8.336188469831168e-06
33960482,174145542,8.336188469831168e-06
33960482,47408060,8.336188469831168e-06
33960482,235199409,8.336188469831168e-06
33960482,57596040,8.336188469831168e-06
33960482,276991521,8.336188469831168e-06
1002351,1660361,5.4774098618649786e-06
1002351,114718372,5.4774098618649786e-06
1002351,145746533,5.4774098618649786e-06
1002351,23583267,5.4774098618649786e-06
1002351,629133,5.4774098618649786e-06
1002351,235199409,5.4774098618649786e-06
1002351,142696927,5.4774098618649786e-06
390677061,95588504,0.00030128546355019924
390677061,44425241,0.00030128546355019924
735095544,95588504,0.00031706520389957
735095544,44425241,0.00031706520389957
735095544,1414858003,0.00031706520389957
735095544,996592540257157121,0.00031706520389957
145746533,14159148,0.03781793049402465
145746533,249677516,0.03781793049402465
145746533,44425241,0.03781793049402465
145746533,130549887,0.03781793049402465
145746533,104227735,0.03781793049402465
145746533,258143215,0.03781793049402465
145746533,48476482,0.03781793049402465
145746533,114718372,0.03781793049402465
145746533,33960482,0.03781793049402465
145746533,1002351,0.03781793049402465
145746533,227653209,0.03781793049402465
145746533,351120282,0.03781793049402465
145746533,65551087,0.03781793049402465
145746533,482353209,0.03781793049402465
145746533,380824639,0.03781793049402465
145746533,1686862418,0.03781793049402465
145746533,3048160253,0.03781793049402465
145746533,2414812230,0.03781793049402465
145746533,2591536853,0.03781793049402465
145746533,253137919,0.03781793049402465
145746533,23583267,0.03781793049402465
145746533,1511622306,0.03781793049402465
145746533,174145542,0.03781793049402465
145746533,1400819095,0.03781793049402465
145746533,47408060,0.03781793049402465
145746533,59179684,0.03781793049402465
145746533,1189532996,0.03781793049402465
145746533,2996465812,0.03781793049402465
145746533,4449439241,0.03781793049402465
145746533,533233011,0.03781793049402465
145746533,394593711,0.03781793049402465
145746533,3730165402,0.03781793049402465
145746533,234538119,0.03781793049402465
145746533,314152424,0.03781793049402465
145746533,804063024,0.03781793049402465
145746533,22179107,0.03781793049402465
145746533,2653227222,0.03781793049402465
145746533,1037365089471549440,0.03781793049402465
145746533,940517950552985600,0.03781793049402465
145746533,784027809756872704,0.03781793049402465
145746533,885506786681376770,0.03781793049402465
2695009326,95588504,0.00024172105390379503
2695009326,44425241,0.00024172105390379503
2695009326,347102273,0.00024172105390379503
2695009326,390677061,0.00024172105390379503
2695009326,35104711,0.00024172105390379503
2695009326,115102139,0.00024172105390379503
42407972,44425241,0.0010699126829927397
42407972,130549887,0.0010699126829927397
42407972,156306739,0.0010699126829927397
42407972,33960482,0.0010699126829927397
42407972,351120282,0.0010699126829927397
42407972,65551087,0.0010699126829927397
42407972,3048160253,0.0010699126829927397
42407972,48878503,0.0010699126829927397
42407972,174145542,0.0010699126829927397
42407972,47408060,0.0010699126829927397
42407972,106228835,0.0010699126829927397
42407972,235199409,0.0010699126829927397
42407972,57596040,0.0010699126829927397
42407972,394593711,0.0010699126829927397
42407972,226875363,0.0010699126829927397
42407972,1638819715,0.0010699126829927397
42407972,234538119,0.0010699126829927397
42407972,276991521,0.0010699126829927397
42407972,314152424,0.0010699126829927397
42407972,120852788,0.0010699126829927397
42407972,80230154,0.0010699126829927397
42407972,14620479,0.0010699126829927397
42407972,45215199,0.0010699126829927397
18159588,60937837,1.3502141433464354e-06
18159588,769108935726997504,1.3502141433464354e-06
1414858003,44425241,2.7726761101500615e-07
45139191,19489239,0.006886660802841073
45139191,85796380,0.006886660802841073
45139191,227653209,0.006886660802841073
45139191,351120282,0.006886660802841073
45139191,1686862418,0.006886660802841073
45139191,3048160253,0.006886660802841073
45139191,35104711,0.006886660802841073
45139191,2414812230,0.006886660802841073
45139191,174145542,0.006886660802841073
45139191,74702868,0.006886660802841073
45139191,3730165402,0.006886660802841073
45139191,2302683607,0.006886660802841073
45139191,234538119,0.006886660802841073
45139191,80893289,0.006886660802841073
45139191,207873823,0.006886660802841073
45139191,21575905,0.006886660802841073
45139191,80230154,0.006886660802841073
45139191,1342069742,0.006886660802841073
45139191,1042027709357010944,0.006886660802841073
45139191,45215199,0.006886660802841073
227653209,14159148,1.5203423961006495
227653209,249677516,1.5203423961006495
227653209,85796380,1.5203423961006495
227653209,130549887,1.5203423961006495
227653209,104227735,1.5203423961006495
227653209,258143215,1.5203423961006495
227653209,48476482,1.5203423961006495
227653209,1002351,1.5203423961006495
227653209,145746533,1.5203423961006495
227653209,351120282,1.5203423961006495
227653209,65551087,1.5203423961006495
227653209,482353209,1.5203423961006495
227653209,380824639,1.5203423961006495
227653209,1686862418,1.5203423961006495
227653209,3048160253,1.5203423961006495
227653209,2414812230,1.5203423961006495
227653209,253137919,1.5203423961006495
227653209,1511622306,1.5203423961006495
227653209,174145542,1.5203423961006495
227653209,1400819095,1.5203423961006495
227653209,1189532996,1.5203423961006495
227653209,2996465812,1.5203423961006495
227653209,4449439241,1.5203423961006495
227653209,533233011,1.5203423961006495
227653209,394593711,1.5203423961006495
227653209,142696927,1.5203423961006495
227653209,3730165402,1.5203423961006495
227653209,2302683607,1.5203423961006495
227653209,234538119,1.5203423961006495
227653209,207873823,1.5203423961006495
227653209,21575905,1.5203423961006495
227653209,314152424,1.5203423961006495
227653209,804063024,1.5203423961006495
227653209,1335173599,1.5203423961006495
227653209,22179107,1.5203423961006495
227653209,4117939762,1.5203423961006495
227653209,1037365089471549440,1.5203423961006495
227653209,940517950552985600,1.5203423961006495
227653209,1609012052,1.5203423961006495
227653209,1042027709357010944,1.5203423961006495
227653209,784027809756872704,1.5203423961006495
227653209,859683611171278849,1.5203423961006495
227653209,1056776126486331392,1.5203423961006495
351120282,85796380,0.0002165717548639849
351120282,145746533,0.0002165717548639849
351120282,1269258001,0.0002165717548639849
351120282,35104711,0.0002165717548639849
351120282,55539703,0.0002165717548639849
351120282,174145542,0.0002165717548639849
351120282,235199409,0.0002165717548639849
351120282,74702868,0.0002165717548639849
351120282,142696927,0.0002165717548639849
351120282,1638819715,0.0002165717548639849
351120282,234538119,0.0002165717548639849
351120282,80893289,0.0002165717548639849
351120282,207873823,0.0002165717548639849
351120282,21575905,0.0002165717548639849
351120282,80230154,0.0002165717548639849
351120282,1342069742,0.0002165717548639849
351120282,1042027709357010944,0.0002165717548639849
351120282,45215199,0.0002165717548639849
65551087,130549887,1.6675775805272087e-05
65551087,104227735,1.6675775805272087e-05
65551087,156306739,1.6675775805272087e-05
65551087,33960482,1.6675775805272087e-05
65551087,1002351,1.6675775805272087e-05
65551087,145746533,1.6675775805272087e-05
65551087,42407972,1.6675775805272087e-05
65551087,227653209,1.6675775805272087e-05
65551087,351120282,1.6675775805272087e-05
65551087,3048160253,1.6675775805272087e-05
65551087,2414812230,1.6675775805272087e-05
65551087,174145542,1.6675775805272087e-05
65551087,47408060,1.6675775805272087e-05
65551087,106228835,1.6675775805272087e-05
65551087,59179684,1.6675775805272087e-05
65551087,394593711,1.6675775805272087e-05
65551087,1638819715,1.6675775805272087e-05
65551087,234538119,1.6675775805272087e-05
65551087,276991521,1.6675775805272087e-05
65551087,314152424,1.6675775805272087e-05
65551087,22179107,1.6675775805272087e-05
65551087,80230154,1.6675775805272087e-05
482353209,14159148,9.716289716269741e-05
482353209,249677516,9.716289716269741e-05
482353209,44425241,9.716289716269741e-05
482353209,104227735,9.716289716269741e-05
482353209,258143215,9.716289716269741e-05
482353209,145746533,9.716289716269741e-05
482353209,227653209,9.716289716269741e-05
482353209,295032345,9.716289716269741e-05
482353209,1686862418,9.716289716269741e-05
482353209,606154629,9.716289716269741e-05
482353209,3048160253,9.716289716269741e-05
482353209,2414812230,9.716289716269741e-05
482353209,253137919,9.716289716269741e-05
482353209,1511622306,9.716289716269741e-05
482353209,174145542,9.716289716269741e-05
482353209,342181234,9.716289716269741e-05
482353209,1400819095,9.716289716269741e-05
482353209,59179684,9.716289716269741e-05
482353209,1189532996,9.716289716269741e-05
482353209,2996465812,9.716289716269741e-05
482353209,4449439241,9.716289716269741e-05
482353209,57596040,9.716289716269741e-05
482353209,533233011,9.716289716269741e-05
482353209,3730165402,9.716289716269741e-05
482353209,234538119,9.716289716269741e-05
482353209,207873823,9.716289716269741e-05
482353209,804063024,9.716289716269741e-05
482353209,1335173599,9.716289716269741e-05
482353209,22179107,9.716289716269741e-05
482353209,1204463438,9.716289716269741e-05
482353209,4117939762,9.716289716269741e-05
482353209,1037365089471549440,9.716289716269741e-05
482353209,940517950552985600,9.716289716269741e-05
482353209,784027809756872704,9.716289716269741e-05
153517357,130549887,0.004932693212840064
153517357,16936686,0.004932693212840064
153517357,20906660,0.004932693212840064
153517357,276991521,0.004932693212840064
1900949636,44425241,0.0001240243638469075
1900949636,2425075166,0.0001240243638469075
1900949636,47408060,0.0001240243638469075
1900949636,115102139,0.0001240243638469075
380824639,80803819,3.0641527207747626e-05
380824639,255471924,3.0641527207747626e-05
380824639,85796380,3.0641527207747626e-05
380824639,44425241,3.0641527207747626e-05
380824639,104227735,3.0641527207747626e-05
380824639,258143215,3.0641527207747626e-05
380824639,145746533,3.0641527207747626e-05
380824639,351120282,3.0641527207747626e-05
380824639,1686862418,3.0641527207747626e-05
380824639,2414812230,3.0641527207747626e-05
380824639,253137919,3.0641527207747626e-05
380824639,1511622306,3.0641527207747626e-05
380824639,174145542,3.0641527207747626e-05
380824639,394593711,3.0641527207747626e-05
380824639,142696927,3.0641527207747626e-05
380824639,3730165402,3.0641527207747626e-05
380824639,234538119,3.0641527207747626e-05
380824639,804063024,3.0641527207747626e-05
380824639,1335173599,3.0641527207747626e-05
380824639,1204463438,3.0641527207747626e-05
380824639,702408732353961985,3.0641527207747626e-05
380824639,4117939762,3.0641527207747626e-05
380824639,784027809756872704,3.0641527207747626e-05
380824639,885506786681376770,3.0641527207747626e-05
380824639,859683611171278849,3.0641527207747626e-05
380824639,912717063424237569,3.0641527207747626e-05
295032345,14159148,2.3209359577923102e-05
295032345,482353209,2.3209359577923102e-05
295032345,1686862418,2.3209359577923102e-05
295032345,2414812230,2.3209359577923102e-05
295032345,253137919,2.3209359577923102e-05
295032345,174145542,2.3209359577923102e-05
295032345,804063024,2.3209359577923102e-05
295032345,1037365089471549440,2.3209359577923102e-05
1686862418,14159148,1.2112614973896361e-05
1686862418,249677516,1.2112614973896361e-05
1686862418,104227735,1.2112614973896361e-05
1686862418,48476482,1.2112614973896361e-05
1686862418,145746533,1.2112614973896361e-05
1686862418,227653209,1.2112614973896361e-05
1686862418,482353209,1.2112614973896361e-05
1686862418,380824639,1.2112614973896361e-05
1686862418,295032345,1.2112614973896361e-05
1686862418,3048160253,1.2112614973896361e-05
1686862418,2414812230,1.2112614973896361e-05
1686862418,253137919,1.2112614973896361e-05
1686862418,1511622306,1.2112614973896361e-05
1686862418,174145542,1.2112614973896361e-05
1686862418,342181234,1.2112614973896361e-05
1686862418,1400819095,1.2112614973896361e-05
1686862418,59179684,1.2112614973896361e-05
1686862418,1189532996,1.2112614973896361e-05
1686862418,2996465812,1.2112614973896361e-05
1686862418,4449439241,1.2112614973896361e-05
1686862418,533233011,1.2112614973896361e-05
1686862418,3730165402,1.2112614973896361e-05
1686862418,234538119,1.2112614973896361e-05
1686862418,207873823,1.2112614973896361e-05
1686862418,804063024,1.2112614973896361e-05
1686862418,22179107,1.2112614973896361e-05
1686862418,2653227222,1.2112614973896361e-05
1686862418,1037365089471549440,1.2112614973896361e-05
1686862418,940517950552985600,1.2112614973896361e-05
1686862418,784027809756872704,1.2112614973896361e-05
471489217,3171712086,1.5678877586468523e-05
471489217,1153045459,1.5678877586468523e-05
471489217,780670492139106304,1.5678877586468523e-05
606154629,482353209,0.0009625218071346929
606154629,142696927,0.0009625218071346929
606154629,804063024,0.0009625218071346929
606154629,1204463438,0.0009625218071346929
1269258001,21014078,6.811779284759204e-06
1269258001,769108935726997504,6.811779284759204e-06
1269258001,44425241,6.811779284759204e-06
1269258001,115102139,6.811779284759204e-06
3048160253,44425241,0.0004013646676073147
3048160253,130549887,0.0004013646676073147
3048160253,104227735,0.0004013646676073147
3048160253,156306739,0.0004013646676073147
3048160253,33960482,0.0004013646676073147
3048160253,42407972,0.0004013646676073147
3048160253,351120282,0.0004013646676073147
3048160253,65551087,0.0004013646676073147
3048160253,482353209,0.0004013646676073147
3048160253,48878503,0.0004013646676073147
3048160253,2414812230,0.0004013646676073147
3048160253,174145542,0.0004013646676073147
3048160253,47408060,0.0004013646676073147
3048160253,394593711,0.0004013646676073147
3048160253,142696927,0.0004013646676073147
3048160253,226875363,0.0004013646676073147
3048160253,3730165402,0.0004013646676073147
3048160253,21575905,0.0004013646676073147
3048160253,314152424,0.0004013646676073147
3048160253,22179107,0.0004013646676073147
3048160253,80230154,0.0004013646676073147
48878503,130549887,6.228191336284561e-06
48878503,3048160253,6.228191336284561e-06
48878503,174145542,6.228191336284561e-06
48878503,47408060,6.228191336284561e-06
48878503,106228835,6.228191336284561e-06
48878503,394593711,6.228191336284561e-06
48878503,142696927,6.228191336284561e-06
2862577383,57596040,1.1036065863241072e-05
35104711,769108935726997504,6.370102394810612e-06
35104711,85796380,6.370102394810612e-06
35104711,44425241,6.370102394810612e-06
35104711,258143215,6.370102394810612e-06
35104711,390677061,6.370102394810612e-06
35104711,351120282,6.370102394810612e-06
35104711,1269258001,6.370102394810612e-06
35104711,55539703,6.370102394810612e-06
35104711,2425075166,6.370102394810612e-06
35104711,80893289,6.370102394810612e-06
35104711,207873823,6.370102394810612e-06
35104711,21575905,6.370102394810612e-06
35104711,115102139,6.370102394810612e-06
2414812230,14159148,0.0002929584583452247
2414812230,249677516,0.0002929584583452247
2414812230,104227735,0.0002929584583452247
2414812230,258143215,0.0002929584583452247
2414812230,145746533,0.0002929584583452247
2414812230,227653209,0.0002929584583452247
2414812230,482353209,0.0002929584583452247
2414812230,1686862418,0.0002929584583452247
2414812230,3048160253,0.0002929584583452247
2414812230,253137919,0.0002929584583452247
2414812230,1511622306,0.0002929584583452247
2414812230,174145542,0.0002929584583452247
2414812230,1400819095,0.0002929584583452247
2414812230,1189532996,0.0002929584583452247
2414812230,2996465812,0.0002929584583452247
2414812230,533233011,0.0002929584583452247
2414812230,3730165402,0.0002929584583452247
2414812230,207873823,0.0002929584583452247
2414812230,804063024,0.0002929584583452247
2414812230,1335173599,0.0002929584583452247
2414812230,22179107,0.0002929584583452247
2414812230,2496449108,0.0002929584583452247
2414812230,1037365089471549440,0.0002929584583452247
2414812230,940517950552985600,0.0002929584583452247
2414812230,1342069742,0.0002929584583452247
2414812230,784027809756872704,0.0002929584583452247
55539703,19489239,3.767053574363587e-05
55539703,351120282,3.767053574363587e-05
55539703,74702868,3.767053574363587e-05
55539703,21575905,3.767053574363587e-05
55539703,80230154,3.767053574363587e-05
55539703,1342069742,3.767053574363587e-05
2591536853,23583267,8.115365364090087e-06
2591536853,47408060,8.115365364090087e-06
2591536853,394593711,8.115365364090087e-06
395319702,160858057,4.933068295641665e-06
395319702,253137919,4.933068295641665e-06
395319702,174145542,4.933068295641665e-06
395319702,533233011,4.933068295641665e-06
253137919,14159148,7.121662091398434e-05
253137919,249677516,7.121662091398434e-05
253137919,44425241,7.121662091398434e-05
253137919,104227735,7.121662091398434e-05
253137919,145746533,7.121662091398434e-05
253137919,227653209,7.121662091398434e-05
253137919,351120282,7.121662091398434e-05
253137919,482353209,7.121662091398434e-05
253137919,380824639,7.121662091398434e-05
253137919,1686862418,7.121662091398434e-05
253137919,3048160253,7.121662091398434e-05
253137919,2414812230,7.121662091398434e-05
253137919,1511622306,7.121662091398434e-05
253137919,174145542,7.121662091398434e-05
253137919,59179684,7.121662091398434e-05
253137919,2996465812,7.121662091398434e-05
253137919,533233011,7.121662091398434e-05
253137919,3730165402,7.121662091398434e-05
253137919,207873823,7.121662091398434e-05
253137919,804063024,7.121662091398434e-05
253137919,1335173599,7.121662091398434e-05
253137919,1037365089471549440,7.121662091398434e-05
141584822,18159588,4.76582699482072e-05
141584822,1414858003,4.76582699482072e-05
141584822,35104711,4.76582699482072e-05
23583267,33960482,8.634502438623344e-06
23583267,1002351,8.634502438623344e-06
23583267,145746533,8.634502438623344e-06
23583267,174145542,8.634502438623344e-06
23583267,394593711,8.634502438623344e-06
23583267,20906660,8.634502438623344e-06
23583267,276991521,8.634502438623344e-06
23583267,314152424,8.634502438623344e-06
23583267,22179107,8.634502438623344e-06
1511622306,14159148,5.146975212117436e-05
1511622306,104227735,5.146975212117436e-05
1511622306,227653209,5.146975212117436e-05
1511622306,482353209,5.146975212117436e-05
1511622306,1686862418,5.146975212117436e-05
1511622306,2414812230,5.146975212117436e-05
1511622306,253137919,5.146975212117436e-05
1511622306,174145542,5.146975212117436e-05
1511622306,1400819095,5.146975212117436e-05
1511622306,1189532996,5.146975212117436e-05
1511622306,2996465812,5.146975212117436e-05
1511622306,533233011,5.146975212117436e-05
1511622306,3730165402,5.146975212117436e-05
1511622306,1037365089471549440,5.146975212117436e-05
1712296868,95588504,6.49914562853339e-05
1712296868,769108935726997504,6.49914562853339e-05
1712296868,35459949,6.49914562853339e-05
1712296868,44425241,6.49914562853339e-05
1712296868,390677061,6.49914562853339e-05
1712296868,1269258001,6.49914562853339e-05
1712296868,35104711,6.49914562853339e-05
1712296868,115102139,6.49914562853339e-05
174145542,85796380,1.5517538565757635e-05
174145542,44425241,1.5517538565757635e-05
174145542,104227735,1.5517538565757635e-05
174145542,258143215,1.5517538565757635e-05
174145542,48476482,1.5517538565757635e-05
174145542,33960482,1.5517538565757635e-05
174145542,145746533,1.5517538565757635e-05
174145542,42407972,1.5517538565757635e-05
174145542,227653209,1.5517538565757635e-05
174145542,65551087,1.5517538565757635e-05
174145542,482353209,1.5517538565757635e-05
174145542,295032345,1.5517538565757635e-05
174145542,1686862418,1.5517538565757635e-05
174145542,3048160253,1.5517538565757635e-05
174145542,48878503,1.5517538565757635e-05
174145542,2414812230,1.5517538565757635e-05
174145542,253137919,1.5517538565757635e-05
174145542,342181234,1.5517538565757635e-05
174145542,475954041,1.5517538565757635e-05
174145542,59179684,1.5517538565757635e-05
174145542,1189532996,1.5517538565757635e-05
174145542,4449439241,1.5517538565757635e-05
174145542,57596040,1.5517538565757635e-05
174145542,533233011,1.5517538565757635e-05
174145542,3730165402,1.5517538565757635e-05
174145542,234538119,1.5517538565757635e-05
174145542,20906660,1.5517538565757635e-05
174145542,276991521,1.5517538565757635e-05
174145542,314152424,1.5517538565757635e-05
174145542,120852788,1.5517538565757635e-05
342181234,70985635,0.0006089692875085179
342181234,1686862418,0.0006089692875085179
342181234,174145542,0.0006089692875085179
342181234,394593711,0.0006089692875085179
342181234,276991521,0.0006089692875085179
342181234,314152424,0.0006089692875085179
342181234,22179107,0.0006089692875085179
2425075166,21014078,2.795294658786773e-05
2425075166,35459949,2.795294658786773e-05
2425075166,44425241,2.795294658786773e-05
2425075166,1414858003,2.795294658786773e-05
2425075166,1900949636,2.795294658786773e-05
2425075166,1269258001,2.795294658786773e-05
2425075166,35104711,2.795294658786773e-05
2425075166,20906660,2.795294658786773e-05
2425075166,115102139,2.795294658786773e-05
1400819095,14159148,0.00026443850667880826
1400819095,249677516,0.00026443850667880826
1400819095,104227735,0.00026443850667880826
1400819095,145746533,0.00026443850667880826
1400819095,227653209,0.00026443850667880826
1400819095,482353209,0.00026443850667880826
1400819095,1686862418,0.00026443850667880826
1400819095,2414812230,0.00026443850667880826
1400819095,1511622306,0.00026443850667880826
1400819095,174145542,0.00026443850667880826
1400819095,59179684,0.00026443850667880826
1400819095,1189532996,0.00026443850667880826
1400819095,3730165402,0.00026443850667880826
1400819095,804063024,0.00026443850667880826
1400819095,940517950552985600,0.00026443850667880826
475954041,255471924,4.391059965142247e-05
475954041,114718372,4.391059965142247e-05
475954041,174145542,4.391059965142247e-05
475954041,427641057,4.391059965142247e-05
475954041,80230154,4.391059965142247e-05
475954041,2908230551,4.391059965142247e-05
47408060,577459091,8.182791513719084e-05
47408060,35459949,8.182791513719084e-05
47408060,44425241,8.182791513719084e-05
47408060,130549887,8.182791513719084e-05
47408060,156306739,8.182791513719084e-05
47408060,33960482,8.182791513719084e-05
47408060,145746533,8.182791513719084e-05
47408060,42407972,8.182791513719084e-05
47408060,65551087,8.182791513719084e-05
47408060,1900949636,8.182791513719084e-05
47408060,3048160253,8.182791513719084e-05
47408060,48878503,8.182791513719084e-05
47408060,174145542,8.182791513719084e-05
47408060,57596040,8.182791513719084e-05
47408060,394593711,8.182791513719084e-05
47408060,44366594,8.182791513719084e-05
47408060,1638819715,8.182791513719084e-05
47408060,276991521,8.182791513719084e-05
47408060,314152424,8.182791513719084e-05
106228835,156306739,5.874617974707493e-06
106228835,48878503,5.874617974707493e-06
106228835,23583267,5.874617974707493e-06
960382456267288576,44425241,0.01540984708209894
960382456267288576,160858057,0.01540984708209894
960382456267288576,258143215,0.01540984708209894
960382456267288576,395319702,0.01540984708209894
960382456267288576,533233011,0.01540984708209894
59179684,249677516,1.2892526602709863e-05
59179684,65551087,1.2892526602709863e-05
59179684,174145542,1.2892526602709863e-05
59179684,22179107,1.2892526602709863e-05
235199409,33960482,9.847583727843112e-06
235199409,1002351,9.847583727843112e-06
235199409,42407972,9.847583727843112e-06
235199409,351120282,9.847583727843112e-06
235199409,276991521,9.847583727843112e-06
235199409,314152424,9.847583727843112e-06
235199409,80230154,9.847583727843112e-06
3286501752,1153045459,2.6371478999197307e-06
74702868,85796380,1.6334886962582217e-05
74702868,130549887,1.6334886962582217e-05
74702868,45139191,1.6334886962582217e-05
74702868,351120282,1.6334886962582217e-05
74702868,55539703,1.6334886962582217e-05
74702868,2302683607,1.6334886962582217e-05
74702868,80893289,1.6334886962582217e-05
74702868,207873823,1.6334886962582217e-05
74702868,21575905,1.6334886962582217e-05
74702868,80230154,1.6334886962582217e-05
1189532996,577459091,8.746498552841286e-06
1189532996,35459949,8.746498552841286e-06
1189532996,104227735,8.746498552841286e-06
1189532996,482353209,8.746498552841286e-06
1189532996,1686862418,8.746498552841286e-06
1189532996,2414812230,8.746498552841286e-06
1189532996,174145542,8.746498552841286e-06
1189532996,3730165402,8.746498552841286e-06
1189532996,804063024,8.746498552841286e-06
2996465812,14159148,7.77485639572979e-06
2996465812,104227735,7.77485639572979e-06
2996465812,227653209,7.77485639572979e-06
2996465812,482353209,7.77485639572979e-06
2996465812,1686862418,7.77485639572979e-06
2996465812,3048160253,7.77485639572979e-06
2996465812,2414812230,7.77485639572979e-06
2996465812,253137919,7.77485639572979e-06
2996465812,1511622306,7.77485639572979e-06
2996465812,174145542,7.77485639572979e-06
2996465812,3730165402,7.77485639572979e-06
2996465812,1037365089471549440,7.77485639572979e-06
4449439241,104227735,0.00011299199367700127
4449439241,145746533,0.00011299199367700127
4449439241,227653209,0.00011299199367700127
4449439241,351120282,0.00011299199367700127
4449439241,482353209,0.00011299199367700127
4449439241,1686862418,0.00011299199367700127
4449439241,2414812230,0.00011299199367700127
4449439241,253137919,0.00011299199367700127
4449439241,1511622306,0.00011299199367700127
4449439241,174145542,0.00011299199367700127
4449439241,3730165402,0.00011299199367700127
4449439241,80230154,0.00011299199367700127
57596040,33960482,0.00016756847399143835
533233011,14159148,0.004031516425295989
533233011,160858057,0.004031516425295989
533233011,104227735,0.004031516425295989
533233011,258143215,0.004031516425295989
533233011,145746533,0.004031516425295989
533233011,227653209,0.004031516425295989
533233011,482353209,0.004031516425295989
533233011,380824639,0.004031516425295989
533233011,1686862418,0.004031516425295989
533233011,2414812230,0.004031516425295989
533233011,395319702,0.004031516425295989
533233011,253137919,0.004031516425295989
533233011,1511622306,0.004031516425295989
533233011,174145542,0.004031516425295989
533233011,3730165402,0.004031516425295989
533233011,22179107,0.004031516425295989
533233011,1037365089471549440,0.004031516425295989
533233011,940517950552985600,0.004031516425295989
533233011,784027809756872704,0.004031516425295989
394593711,44425241,3.640730595506163e-06
394593711,42407972,3.640730595506163e-06
394593711,153517357,3.640730595506163e-06
394593711,3048160253,3.640730595506163e-06
394593711,23583267,3.640730595506163e-06
394593711,174145542,3.640730595506163e-06
394593711,47408060,3.640730595506163e-06
394593711,276991521,3.640730595506163e-06
394593711,80230154,3.640730595506163e-06
142696927,130549887,1.4010485377492457e-05
142696927,156306739,1.4010485377492457e-05
142696927,33960482,1.4010485377492457e-05
142696927,1002351,1.4010485377492457e-05
142696927,227653209,1.4010485377492457e-05
142696927,351120282,1.4010485377492457e-05
142696927,380824639,1.4010485377492457e-05
142696927,3048160253,1.4010485377492457e-05
142696927,48878503,1.4010485377492457e-05
142696927,174145542,1.4010485377492457e-05
142696927,394593711,1.4010485377492457e-05
142696927,2302683607,1.4010485377492457e-05
142696927,234538119,1.4010485377492457e-05
142696927,20906660,1.4010485377492457e-05
142696927,276991521,1.4010485377492457e-05
142696927,14620479,1.4010485377492457e-05
142696927,912717063424237569,1.4010485377492457e-05
44366594,130549887,6.683731176994825e-05
44366594,104227735,6.683731176994825e-05
44366594,156306739,6.683731176994825e-05
44366594,33960482,6.683731176994825e-05
44366594,145746533,6.683731176994825e-05
44366594,227653209,6.683731176994825e-05
44366594,3048160253,6.683731176994825e-05
44366594,48878503,6.683731176994825e-05
44366594,2414812230,6.683731176994825e-05
44366594,174145542,6.683731176994825e-05
44366594,47408060,6.683731176994825e-05
44366594,59179684,6.683731176994825e-05
44366594,57596040,6.683731176994825e-05
44366594,234538119,6.683731176994825e-05
44366594,276991521,6.683731176994825e-05
44366594,314152424,6.683731176994825e-05
3730165402,14159148,0.04667302847243115
3730165402,104227735,0.04667302847243115
3730165402,258143215,0.04667302847243115
3730165402,145746533,0.04667302847243115
3730165402,227653209,0.04667302847243115
3730165402,482353209,0.04667302847243115
3730165402,380824639,0.04667302847243115
3730165402,1686862418,0.04667302847243115
3730165402,2414812230,0.04667302847243115
3730165402,253137919,0.04667302847243115
3730165402,1511622306,0.04667302847243115
3730165402,174145542,0.04667302847243115
3730165402,2996465812,0.04667302847243115
3730165402,533233011,0.04667302847243115
3730165402,2302683607,0.04667302847243115
3730165402,22179107,0.04667302847243115
3730165402,1037365089471549440,0.04667302847243115
3730165402,940517950552985600,0.04667302847243115
3730165402,784027809756872704,0.04667302847243115
3730165402,885506786681376770,0.04667302847243115
3730165402,859683611171278849,0.04667302847243115
3730165402,912717063424237569,0.04667302847243115
1638819715,156306739,2.9782344371805552e-06
1638819715,42407972,2.9782344371805552e-06
1638819715,80230154,2.9782344371805552e-06
2302683607,19489239,4.639674687853764e-05
2302683607,80803819,4.639674687853764e-05
2302683607,85796380,4.639674687853764e-05
2302683607,351120282,4.639674687853764e-05
2302683607,35104711,4.639674687853764e-05
2302683607,74702868,4.639674687853764e-05
2302683607,234538119,4.639674687853764e-05
2302683607,80893289,4.639674687853764e-05
2302683607,21575905,4.639674687853764e-05
2302683607,427641057,4.639674687853764e-05
2302683607,3342748858,4.639674687853764e-05
2302683607,80230154,4.639674687853764e-05
2302683607,1042027709357010944,4.639674687853764e-05
2302683607,784027809756872704,4.639674687853764e-05
2302683607,45215199,4.639674687853764e-05
2302683607,282170568,4.639674687853764e-05
234538119,19489239,0.0005500146495979692
234538119,44425241,0.0005500146495979692
234538119,42407972,0.0005500146495979692
234538119,351120282,0.0005500146495979692
234538119,23583267,0.0005500146495979692
234538119,174145542,0.0005500146495979692
234538119,1638819715,0.0005500146495979692
234538119,2302683607,0.0005500146495979692
234538119,207873823,0.0005500146495979692
234538119,21575905,0.0005500146495979692
234538119,80230154,0.0005500146495979692
234538119,1342069742,0.0005500146495979692
234538119,45215199,0.0005500146495979692
193042922,1002351,3.636012538982216e-06
80893289,85796380,7.069193502389938e-06
80893289,351120282,7.069193502389938e-06
80893289,253137919,7.069193502389938e-06
80893289,74702868,7.069193502389938e-06
80893289,207873823,7.069193502389938e-06
80893289,21575905,7.069193502389938e-06
80893289,80230154,7.069193502389938e-06
207873823,14159148,1.3695764511840196e-05
207873823,19489239,1.3695764511840196e-05
207873823,249677516,1.3695764511840196e-05
207873823,85796380,1.3695764511840196e-05
207873823,70985635,1.3695764511840196e-05
207873823,45139191,1.3695764511840196e-05
207873823,351120282,1.3695764511840196e-05
207873823,1686862418,1.3695764511840196e-05
207873823,35104711,1.3695764511840196e-05
207873823,2414812230,1.3695764511840196e-05
207873823,253137919,1.3695764511840196e-05
207873823,174145542,1.3695764511840196e-05
207873823,74702868,1.3695764511840196e-05
207873823,2302683607,1.3695764511840196e-05
207873823,234538119,1.3695764511840196e-05
207873823,80893289,1.3695764511840196e-05
207873823,21575905,1.3695764511840196e-05
207873823,1335173599,1.3695764511840196e-05
207873823,1037365089471549440,1.3695764511840196e-05
207873823,784027809756872704,1.3695764511840196e-05
21575905,85796380,3.471364607758815e-05
21575905,351120282,3.471364607758815e-05
21575905,55539703,3.471364607758815e-05
21575905,74702868,3.471364607758815e-05
21575905,80893289,3.471364607758815e-05
21575905,282170568,3.471364607758815e-05
996592540257157121,735095544,1.2881113312276167e-06
1027409164329340928,471489217,7.806209866327893e-05
276991521,33960482,2.756292685094821e-06
276991521,23583267,2.756292685094821e-06
276991521,174145542,2.756292685094821e-06
276991521,394593711,2.756292685094821e-06
276991521,314152424,2.756292685094821e-06
276991521,22179107,2.756292685094821e-06
314152424,70985635,5.43852006434822e-06
314152424,48476482,5.43852006434822e-06
314152424,227653209,5.43852006434822e-06
314152424,3048160253,5.43852006434822e-06
314152424,174145542,5.43852006434822e-06
314152424,342181234,5.43852006434822e-06
314152424,3730165402,5.43852006434822e-06
314152424,207873823,5.43852006434822e-06
314152424,276991521,5.43852006434822e-06
314152424,1335173599,5.43852006434822e-06
427641057,255471924,4.2441349035838815e-05
427641057,85796380,4.2441349035838815e-05
427641057,114718372,4.2441349035838815e-05
427641057,351120282,4.2441349035838815e-05
427641057,174145542,4.2441349035838815e-05
427641057,475954041,4.2441349035838815e-05
427641057,2302683607,4.2441349035838815e-05
427641057,234538119,4.2441349035838815e-05
427641057,80230154,4.2441349035838815e-05
427641057,784027809756872704,4.2441349035838815e-05
427641057,45215199,4.2441349035838815e-05
804063024,482353209,2.478052966814926e-05
804063024,295032345,2.478052966814926e-05
804063024,174145542,2.478052966814926e-05
804063024,1204463438,2.478052966814926e-05
1335173599,70985635,4.690023414588791e-05
1335173599,104227735,4.690023414588791e-05
1335173599,227653209,4.690023414588791e-05
1335173599,351120282,4.690023414588791e-05
1335173599,2414812230,4.690023414588791e-05
1335173599,253137919,4.690023414588791e-05
1335173599,174145542,4.690023414588791e-05
1335173599,207873823,4.690023414588791e-05
1335173599,4117939762,4.690023414588791e-05
1335173599,940517950552985600,4.690023414588791e-05
1335173599,1042027709357010944,4.690023414588791e-05
120852788,42407972,2.4926812773622595e-06
120852788,174145542,2.4926812773622595e-06
22179107,48476482,2.5052418979747947e-05
22179107,145746533,2.5052418979747947e-05
22179107,65551087,2.5052418979747947e-05
22179107,23583267,2.5052418979747947e-05
22179107,174145542,2.5052418979747947e-05
22179107,59179684,2.5052418979747947e-05
22179107,276991521,2.5052418979747947e-05
22179107,314152424,2.5052418979747947e-05
3342748858,80803819,3.915896551588759e-06
3342748858,2302683607,3.915896551588759e-06
3342748858,1204463438,3.915896551588759e-06
1204463438,482353209,3.275314343007821e-06
1204463438,804063024,3.275314343007821e-06
1204463438,3342748858,3.275314343007821e-06
80230154,19489239,8.326673696351516e-06
80230154,351120282,8.326673696351516e-06
80230154,55539703,8.326673696351516e-06
80230154,475954041,8.326673696351516e-06
80230154,74702868,8.326673696351516e-06
80230154,1638819715,8.326673696351516e-06
80230154,234538119,8.326673696351516e-06
80230154,21575905,8.326673696351516e-06
115102139,35459949,5.291004581941091e-06
115102139,44425241,5.291004581941091e-06
115102139,1269258001,5.291004581941091e-06
115102139,2425075166,5.291004581941091e-06
14620479,42407972,1.058160604686136e-05
14620479,23583267,1.058160604686136e-05
14620479,57596040,1.058160604686136e-05
14620479,142696927,1.058160604686136e-05
702408732353961985,80803819,3.545357398579015e-05
702408732353961985,3342748858,3.545357398579015e-05
702408732353961985,1609012052,3.545357398579015e-05
2496449108,14159148,4.0978568208826785e-05
2496449108,48476482,4.0978568208826785e-05
2496449108,1686862418,4.0978568208826785e-05
4117939762,1042027709357010944,3.1418890521813114e-07
2653227222,14159148,2.8499307899679046e-05
2653227222,104227735,2.8499307899679046e-05
2653227222,2414812230,2.8499307899679046e-05
2653227222,174145542,2.8499307899679046e-05
1037365089471549440,104227735,0.00023201592118101127
1037365089471549440,145746533,0.00023201592118101127
1037365089471549440,482353209,0.00023201592118101127
1037365089471549440,2414812230,0.00023201592118101127
1037365089471549440,174145542,0.00023201592118101127
1037365089471549440,2996465812,0.00023201592118101127
1037365089471549440,3730165402,0.00023201592118101127
940517950552985600,104227735,0.00016064723444441232
940517950552985600,227653209,0.00016064723444441232
940517950552985600,1335173599,0.00016064723444441232
940517950552985600,4117939762,0.00016064723444441232
940517950552985600,1042027709357010944,0.00016064723444441232
940517950552985600,1056776126486331392,0.00016064723444441232
1609012052,80803819,0.00031161072234341434
1609012052,1686862418,0.00031161072234341434
1609012052,702408732353961985,0.00031161072234341434
727511502111014913,22179107,0.036138358286009295
2908230551,255471924,3.3290139501583607e-06
2908230551,475954041,3.3290139501583607e-06
1342069742,2414812230,1.4716511082698858e-06
1342069742,234538119,1.4716511082698858e-06
1042027709357010944,85796380,7.567187520134053e-06
1042027709357010944,227653209,7.567187520134053e-06
1042027709357010944,351120282,7.567187520134053e-06
1042027709357010944,2302683607,7.567187520134053e-06
1042027709357010944,21575905,7.567187520134053e-06
1042027709357010944,4117939762,7.567187520134053e-06
1042027709357010944,784027809756872704,7.567187520134053e-06
1042027709357010944,45215199,7.567187520134053e-06
784027809756872704,85796380,1.0006705960641833e-05
784027809756872704,351120282,1.0006705960641833e-05
784027809756872704,380824639,1.0006705960641833e-05
784027809756872704,174145542,1.0006705960641833e-05
784027809756872704,3730165402,1.0006705960641833e-05
784027809756872704,2302683607,1.0006705960641833e-05
784027809756872704,21575905,1.0006705960641833e-05
784027809756872704,427641057,1.0006705960641833e-05
784027809756872704,885506786681376770,1.0006705960641833e-05
45215199,351120282,8.163097249494311e-07
45215199,2302683607,8.163097249494311e-07
885506786681376770,380824639,3.0042937298499084e-06
885506786681376770,3730165402,3.0042937298499084e-06
885506786681376770,784027809756872704,3.0042937298499084e-06
282170568,85796380,7.468204628172826e-06
282170568,351120282,7.468204628172826e-06
282170568,21575905,7.468204628172826e-06
859683611171278849,44425241,1.9770595193768307e-05
859683611171278849,258143215,1.9770595193768307e-05
859683611171278849,380824639,1.9770595193768307e-05
859683611171278849,142696927,1.9770595193768307e-05
859683611171278849,3730165402,1.9770595193768307e-05
859683611171278849,784027809756872704,1.9770595193768307e-05
859683611171278849,885506786681376770,1.9770595193768307e-05
859683611171278849,912717063424237569,1.9770595193768307e-05
912717063424237569,380824639,1.202306022952022e-05
912717063424237569,142696927,1.202306022952022e-05
912717063424237569,3730165402,1.202306022952022e-05
912717063424237569,784027809756872704,1.202306022952022e-05
912717063424237569,859683611171278849,1.202306022952022e-05
